{"dv3CjdfPGhbOA482cOaXNg==":"q-png-900x900.png","fJqDiFuzum16yKukWJ0HxQ==":"1024px-tencent_logo.svg-1024x204.png","zEf7xptlPUKXUa/ysQ3lnA==":"2-1280x361.png","3X8yS79CYQ0uj+hyhGEtqg==":"4-2000x439.png","2CeLhZHVkhHqa3G6OdPu0A==":"5-364x100.png","Bi8eAVPg2Z28MXfvQ8mvbg==":"6-693x883.png","NdkJofEXrMasUTy7srMSWQ==":"7-180x180.png","gZW5zYLlZ+hL6pFob4zQnw==":"8-376x320.png","rDinngla4fuGxLto7lRAcQ==":"3-300x258.png","WB9iqDXQnycDXoTRAAx3rQ==":"9-699x864.png","PkxkgvgnTkLeCheCrr6aEA==":"14-600x600.png","4iyShlp3mCfBecgkj9Bmhg==":"12-801x620.png","qsBjKMzCPv5/yzU/PFKMpA==":"11-391x376.png","g10twwgjvcsFWpQO6Rm2Rw==":"10-1899x252.png","RDjoj+Trqt31roywRunv6A==":"15-417x239.png","2cDd62WpXsZtdSRstoTs2Q==":"16-744x224.png","AhmnzDOS7E5CnjsUBQHcOA==":"13-940x540.png","xXNvNs+t2qpHLONW2q8zbA==":"17-284x284.png","z5Ui6LViIqbg+Q83za87uA==":"18-512x512.png"}